-- phpMyAdmin SQL Dump
-- version 5.0.1
-- https://www.phpmyadmin.net/
--
-- Host: 127.0.0.1
-- Generation Time: Feb 28, 2024 at 06:50 AM
-- Server version: 10.4.11-MariaDB
-- PHP Version: 7.4.3

SET SQL_MODE = "NO_AUTO_VALUE_ON_ZERO";
SET AUTOCOMMIT = 0;
START TRANSACTION;
SET time_zone = "+00:00";


/*!40101 SET @OLD_CHARACTER_SET_CLIENT=@@CHARACTER_SET_CLIENT */;
/*!40101 SET @OLD_CHARACTER_SET_RESULTS=@@CHARACTER_SET_RESULTS */;
/*!40101 SET @OLD_COLLATION_CONNECTION=@@COLLATION_CONNECTION */;
/*!40101 SET NAMES utf8mb4 */;

--
-- Database: `ecom_test`
--

-- --------------------------------------------------------

--
-- Table structure for table `tbl_country`
--

CREATE TABLE `tbl_country` (
  `country_id` int(11) NOT NULL,
  `country_name` varchar(100) NOT NULL DEFAULT ''
) ENGINE=MyISAM DEFAULT CHARSET=utf8;

--
-- Dumping data for table `tbl_country`
--

INSERT INTO `tbl_country` (`country_id`, `country_name`) VALUES
(1, 'Afghanistan'),
(2, 'Albania'),
(3, 'Algeria'),
(4, 'American Samoa'),
(5, 'Andorra'),
(6, 'Angola'),
(7, 'Anguilla'),
(8, 'Antarctica'),
(9, 'Antigua and Barbuda'),
(10, 'Argentina'),
(11, 'Armenia'),
(12, 'Aruba'),
(13, 'Australia'),
(14, 'Austria'),
(15, 'Azerbaijan'),
(16, 'Bahamas'),
(17, 'Bahrain'),
(18, 'Bangladesh'),
(19, 'Barbados'),
(20, 'Belarus'),
(21, 'Belgium'),
(22, 'Belize'),
(23, 'Benin'),
(24, 'Bermuda'),
(25, 'Bhutan'),
(26, 'Bolivia'),
(27, 'Bosnia and Herzegovina'),
(28, 'Botswana'),
(29, 'Bouvet Island'),
(30, 'Brazil'),
(31, 'British Indian Ocean Territory'),
(32, 'Brunei Darussalam'),
(33, 'Bulgaria'),
(34, 'Burkina Faso'),
(35, 'Burundi'),
(36, 'Cambodia'),
(37, 'Cameroon'),
(38, 'Canada'),
(39, 'Cape Verde'),
(40, 'Cayman Islands'),
(41, 'Central African Republic'),
(42, 'Chad'),
(43, 'Chile'),
(44, 'China'),
(45, 'Christmas Island'),
(46, 'Cocos (Keeling) Islands'),
(47, 'Colombia'),
(48, 'Comoros'),
(49, 'Congo'),
(50, 'Cook Islands'),
(51, 'Costa Rica'),
(52, 'Croatia (Hrvatska)'),
(53, 'Cuba'),
(54, 'Cyprus'),
(55, 'Czech Republic'),
(56, 'Denmark'),
(57, 'Djibouti'),
(58, 'Dominica'),
(59, 'Dominican Republic'),
(60, 'East Timor'),
(61, 'Ecuador'),
(62, 'Egypt'),
(63, 'El Salvador'),
(64, 'Equatorial Guinea'),
(65, 'Eritrea'),
(66, 'Estonia'),
(67, 'Ethiopia'),
(68, 'Falkland Islands (Malvinas)'),
(69, 'Faroe Islands'),
(70, 'Fiji'),
(71, 'Finland'),
(72, 'France'),
(73, 'France, Metropolitan'),
(74, 'French Guiana'),
(75, 'French Polynesia'),
(76, 'French Southern Territories'),
(77, 'Gabon'),
(78, 'Gambia'),
(79, 'Georgia'),
(80, 'Germany'),
(81, 'Ghana'),
(82, 'Gibraltar'),
(83, 'Guernsey'),
(84, 'Greece'),
(85, 'Greenland'),
(86, 'Grenada'),
(87, 'Guadeloupe'),
(88, 'Guam'),
(89, 'Guatemala'),
(90, 'Guinea'),
(91, 'Guinea-Bissau'),
(92, 'Guyana'),
(93, 'Haiti'),
(94, 'Heard and Mc Donald Islands'),
(95, 'Honduras'),
(96, 'Hong Kong'),
(97, 'Hungary'),
(98, 'Iceland'),
(99, 'India'),
(100, 'Isle of Man'),
(101, 'Indonesia'),
(102, 'Iran (Islamic Republic of)'),
(103, 'Iraq'),
(104, 'Ireland'),
(105, 'Israel'),
(106, 'Italy'),
(107, 'Ivory Coast'),
(108, 'Jersey'),
(109, 'Jamaica'),
(110, 'Japan'),
(111, 'Jordan'),
(112, 'Kazakhstan'),
(113, 'Kenya'),
(114, 'Kiribati'),
(115, 'Korea, Democratic People\'s Republic of'),
(116, 'Korea, Republic of'),
(117, 'Kosovo'),
(118, 'Kuwait'),
(119, 'Kyrgyzstan'),
(120, 'Lao People\'s Democratic Republic'),
(121, 'Latvia'),
(122, 'Lebanon'),
(123, 'Lesotho'),
(124, 'Liberia'),
(125, 'Libyan Arab Jamahiriya'),
(126, 'Liechtenstein'),
(127, 'Lithuania'),
(128, 'Luxembourg'),
(129, 'Macau'),
(130, 'Macedonia'),
(131, 'Madagascar'),
(132, 'Malawi'),
(133, 'Malaysia'),
(134, 'Maldives'),
(135, 'Mali'),
(136, 'Malta'),
(137, 'Marshall Islands'),
(138, 'Martinique'),
(139, 'Mauritania'),
(140, 'Mauritius'),
(141, 'Mayotte'),
(142, 'Mexico'),
(143, 'Micronesia, Federated States of'),
(144, 'Moldova, Republic of'),
(145, 'Monaco'),
(146, 'Mongolia'),
(147, 'Montenegro'),
(148, 'Montserrat'),
(149, 'Morocco'),
(150, 'Mozambique'),
(151, 'Myanmar'),
(152, 'Namibia'),
(153, 'Nauru'),
(154, 'Nepal'),
(155, 'Netherlands'),
(156, 'Netherlands Antilles'),
(157, 'New Caledonia'),
(158, 'New Zealand'),
(159, 'Nicaragua'),
(160, 'Niger'),
(161, 'Nigeria'),
(162, 'Niue'),
(163, 'Norfolk Island'),
(164, 'Northern Mariana Islands'),
(165, 'Norway'),
(166, 'Oman'),
(167, 'Pakistan'),
(168, 'Palau'),
(169, 'Palestine'),
(170, 'Panama'),
(171, 'Papua New Guinea'),
(172, 'Paraguay'),
(173, 'Peru'),
(174, 'Philippines'),
(175, 'Pitcairn'),
(176, 'Poland'),
(177, 'Portugal'),
(178, 'Puerto Rico'),
(179, 'Qatar'),
(180, 'Reunion'),
(181, 'Romania'),
(182, 'Russian Federation'),
(183, 'Rwanda'),
(184, 'Saint Kitts and Nevis'),
(185, 'Saint Lucia'),
(186, 'Saint Vincent and the Grenadines'),
(187, 'Samoa'),
(188, 'San Marino'),
(189, 'Sao Tome and Principe'),
(190, 'Saudi Arabia'),
(191, 'Senegal'),
(192, 'Serbia'),
(193, 'Seychelles'),
(194, 'Sierra Leone'),
(195, 'Singapore'),
(196, 'Slovakia'),
(197, 'Slovenia'),
(198, 'Solomon Islands'),
(199, 'Somalia'),
(200, 'South Africa'),
(201, 'South Georgia South Sandwich Islands'),
(202, 'Spain'),
(203, 'Sri Lanka'),
(204, 'St. Helena'),
(205, 'St. Pierre and Miquelon'),
(206, 'Sudan'),
(207, 'Suriname'),
(208, 'Svalbard and Jan Mayen Islands'),
(209, 'Swaziland'),
(210, 'Sweden'),
(211, 'Switzerland'),
(212, 'Syrian Arab Republic'),
(213, 'Taiwan'),
(214, 'Tajikistan'),
(215, 'Tanzania, United Republic of'),
(216, 'Thailand'),
(217, 'Togo'),
(218, 'Tokelau'),
(219, 'Tonga'),
(220, 'Trinidad and Tobago'),
(221, 'Tunisia'),
(222, 'Turkey'),
(223, 'Turkmenistan'),
(224, 'Turks and Caicos Islands'),
(225, 'Tuvalu'),
(226, 'Uganda'),
(227, 'Ukraine'),
(228, 'United Arab Emirates'),
(229, 'United Kingdom'),
(230, 'United States'),
(231, 'United States minor outlying islands'),
(232, 'Uruguay'),
(233, 'Uzbekistan'),
(234, 'Vanuatu'),
(235, 'Vatican City State'),
(236, 'Venezuela'),
(237, 'Vietnam'),
(238, 'Virgin Islands (British)'),
(239, 'Virgin Islands (U.S.)'),
(240, 'Wallis and Futuna Islands'),
(241, 'Western Sahara'),
(242, 'Yemen'),
(243, 'Zaire'),
(244, 'Zambia'),
(245, 'Zimbabwe');

-- --------------------------------------------------------

--
-- Table structure for table `tbl_customer`
--

CREATE TABLE `tbl_customer` (
  `cust_id` int(11) NOT NULL,
  `cust_name` varchar(100) NOT NULL,
  `cust_cname` varchar(100) NOT NULL,
  `cust_email` varchar(100) NOT NULL,
  `cust_phone` varchar(50) NOT NULL,
  `cust_country` int(11) NOT NULL,
  `cust_address` text NOT NULL,
  `cust_city` varchar(100) NOT NULL,
  `cust_state` varchar(100) NOT NULL,
  `cust_zip` varchar(30) NOT NULL,
  `cust_password` varchar(100) NOT NULL,
  `cust_token` varchar(255) NOT NULL,
  `cust_datetime` varchar(100) NOT NULL,
  `cust_timestamp` varchar(100) NOT NULL,
  `cust_status` int(1) NOT NULL
) ENGINE=InnoDB DEFAULT CHARSET=latin1;

--
-- Dumping data for table `tbl_customer`
--

INSERT INTO `tbl_customer` (`cust_id`, `cust_name`, `cust_cname`, `cust_email`, `cust_phone`, `cust_country`, `cust_address`, `cust_city`, `cust_state`, `cust_zip`, `cust_password`, `cust_token`, `cust_datetime`, `cust_timestamp`, `cust_status`) VALUES
(1, 'Pravesh', 'TDS', 'pravesh@gmail.com', '9654321234', 99, 'Testing', 'Thane', 'Maharashtra', '400001', '81dc9bdb52d04dc20036dbd8313ed055', '4b5754ffa1fd2c002cfc4eebf85d1753', '2024-02-25 09:13:53', '1708924433', 1),
(2, 'Akash', 'TDS', 'akash@gmail.com', '7345683773', 99, 'Test', 'Thane', 'Maharashtra', '400001', '81dc9bdb52d04dc20036dbd8313ed055', '82e1d9629bba97370b5a51fbc5edbe10', '2024-02-25 11:08:00', '1708931280', 1);

-- --------------------------------------------------------

--
-- Table structure for table `tbl_customer_message`
--

CREATE TABLE `tbl_customer_message` (
  `customer_message_id` int(11) NOT NULL,
  `subject` varchar(255) NOT NULL,
  `message` text NOT NULL,
  `order_detail` text NOT NULL,
  `cust_id` int(11) NOT NULL
) ENGINE=MyISAM DEFAULT CHARSET=latin1;

-- --------------------------------------------------------

--
-- Table structure for table `tbl_category`
--

CREATE TABLE `tbl_category` (
  `cat_id` int(11) NOT NULL,
  `cat_name` varchar(255) NOT NULL,
  `ctype_id` int(11) NOT NULL,
  `sequence` int(11) NOT NULL,
  `active_product_count` int(11) NOT NULL,
  `customer` int(11) NOT NULL
) ENGINE=InnoDB DEFAULT CHARSET=latin1;

--
-- Dumping data for table `tbl_category`
--

-- --------------------------------------------------------

--
-- Table structure for table `tbl_category_type`
--

CREATE TABLE `tbl_category_type` (
  `ctype_id` int(11) NOT NULL,
  `ctype_name` varchar(255) NOT NULL,
  `gender_id` int(11) NOT NULL
) ENGINE=InnoDB DEFAULT CHARSET=latin1;

--
-- Dumping data for table `tbl_category_type`
--
-- --------------------------------------------------------

--
-- Table structure for table `tbl_payment`
--

CREATE TABLE `tbl_payment` (
  `id` int(11) NOT NULL,
  `customer_id` int(11) NOT NULL,
  `customer_name` varchar(255) NOT NULL,
  `customer_email` varchar(255) NOT NULL,
  `payment_date` varchar(50) NOT NULL,
  `txnid` varchar(255) NOT NULL,
  `paid_amount` int(11) NOT NULL,
  `card_number` varchar(50) NOT NULL,
  `card_cvv` varchar(10) NOT NULL,
  `card_month` varchar(10) NOT NULL,
  `card_year` varchar(10) NOT NULL,
  `bank_transaction_info` text NOT NULL,
  `payment_method` varchar(20) NOT NULL,
  `payment_status` varchar(25) NOT NULL,
  `shipping_status` varchar(20) NOT NULL,
  `payment_id` varchar(255) NOT NULL
) ENGINE=MyISAM DEFAULT CHARSET=latin1;

-- --------------------------------------------------------

--
-- Table structure for table `tbl_photo`
--

CREATE TABLE `tbl_photo` (
  `id` int(11) NOT NULL,
  `caption` varchar(255) NOT NULL,
  `photo` varchar(255) NOT NULL
) ENGINE=InnoDB DEFAULT CHARSET=latin1;

--
-- Dumping data for table `tbl_photo`
--

INSERT INTO `tbl_photo` (`id`, `caption`, `photo`) VALUES
(1, 'Photo 1', 'photo-1.jpg'),
(2, 'Photo 2', 'photo-2.jpg'),
(3, 'Photo 3', 'photo-3.jpg'),
(4, 'Photo 4', 'photo-4.jpg'),
(5, 'Photo 5', 'photo-5.jpg'),
(6, 'Photo 6', 'photo-6.jpg');

-- --------------------------------------------------------

--
-- Table structure for table `tbl_product`
--

CREATE TABLE `tbl_product` (
  `p_id` int(11) NOT NULL,
  `p_name` varchar(255) NOT NULL,
  `p_old_price` varchar(10) NOT NULL,
  `p_current_price` varchar(10) NOT NULL,
  `p_qty` int(10) NOT NULL,
  `p_featured_photo` varchar(255) NOT NULL,
  `p_description` text NOT NULL,
  `p_short_description` text NOT NULL,
  `p_feature` text NOT NULL,
  `p_condition` text NOT NULL,
  `p_return_policy` text NOT NULL,
  `p_total_view` int(11) NOT NULL,
  `p_is_featured` int(1) NOT NULL,
  `p_is_active` int(1) NOT NULL,
  `cat_id` int(11) NOT NULL
) ENGINE=InnoDB DEFAULT CHARSET=latin1;

-- --------------------------------------------------------

--
-- Table structure for table `tbl_product_photo`
--

CREATE TABLE `tbl_product_photo` (
  `pp_id` int(11) NOT NULL,
  `photo` varchar(255) NOT NULL,
  `p_id` int(11) NOT NULL
) ENGINE=InnoDB DEFAULT CHARSET=latin1;

-- --------------------------------------------------------

--
-- Table structure for table `tbl_product_size`
--

CREATE TABLE `tbl_product_size` (
  `id` int(11) NOT NULL,
  `size_id` int(11) NOT NULL,
  `p_id` int(11) NOT NULL
) ENGINE=InnoDB DEFAULT CHARSET=latin1;

--
-- Dumping data for table `tbl_product_size`
--

INSERT INTO `tbl_product_size` (`id`, `size_id`, `p_id`) VALUES
(44, 1, 6),
(56, 8, 12),
(57, 9, 12),
(58, 10, 12),
(59, 11, 12),
(60, 12, 12),
(61, 13, 12),
(62, 9, 13),
(63, 11, 13),
(64, 13, 13),
(65, 15, 13),
(66, 9, 14),
(67, 11, 14),
(68, 12, 14),
(69, 13, 14),
(70, 9, 15),
(71, 11, 15),
(72, 13, 15),
(73, 15, 16),
(74, 16, 16),
(75, 17, 16),
(76, 16, 17),
(77, 17, 17),
(78, 14, 18),
(79, 15, 18),
(80, 16, 18),
(81, 17, 18),
(82, 15, 19),
(83, 16, 19),
(84, 17, 19),
(85, 14, 20),
(86, 15, 20),
(87, 17, 20),
(88, 15, 21),
(89, 17, 21),
(90, 15, 22),
(91, 16, 22),
(92, 17, 22),
(93, 15, 23),
(94, 16, 23),
(95, 17, 23),
(96, 18, 25),
(97, 19, 25),
(98, 20, 25),
(99, 21, 25),
(100, 19, 26),
(101, 21, 26),
(102, 22, 26),
(103, 23, 26),
(104, 19, 27),
(105, 20, 27),
(106, 21, 27),
(107, 22, 27),
(108, 19, 28),
(109, 20, 28),
(110, 21, 28),
(111, 19, 29),
(112, 20, 29),
(113, 22, 29),
(114, 1, 30),
(115, 2, 30),
(116, 3, 30),
(117, 4, 30),
(118, 23, 31),
(119, 26, 32),
(123, 2, 34),
(124, 2, 35),
(125, 2, 36),
(126, 3, 36),
(129, 2, 38),
(130, 3, 38),
(131, 4, 38),
(132, 5, 38),
(133, 27, 39),
(134, 8, 42),
(210, 3, 10),
(211, 4, 10),
(212, 5, 10),
(213, 6, 10),
(214, 3, 9),
(215, 4, 9),
(216, 3, 8),
(217, 4, 8),
(218, 2, 7),
(219, 3, 7),
(220, 4, 7),
(249, 1, 79),
(250, 2, 79),
(251, 3, 79),
(252, 1, 78),
(253, 2, 78),
(254, 3, 78),
(255, 4, 78),
(256, 5, 78),
(259, 26, 80),
(262, 3, 82),
(263, 4, 82);

-- --------------------------------------------------------

--
-- Table structure for table `tbl_size`
--

CREATE TABLE `tbl_size` (
  `size_id` int(11) NOT NULL,
  `size_name` varchar(255) NOT NULL
) ENGINE=InnoDB DEFAULT CHARSET=latin1;

--
-- Dumping data for table `tbl_size`
--

INSERT INTO `tbl_size` (`size_id`, `size_name`) VALUES
(1, 'XS'),
(2, 'S'),
(3, 'M'),
(4, 'L'),
(5, 'XL'),
(6, 'XXL'),
(7, '3XL'),
(8, '31'),
(9, '32'),
(10, '33'),
(11, '34'),
(12, '35'),
(13, '36'),
(14, '37'),
(15, '38'),
(16, '39'),
(17, '40'),
(18, '41'),
(19, '42'),
(20, '43'),
(21, '44'),
(22, '45'),
(23, '46'),
(24, '47'),
(25, '48'),
(26, 'Free Size'),
(27, 'One Size for All'),
(28, '10'),
(29, '12 Months'),
(30, '2T'),
(31, '3T'),
(32, '4T'),
(33, '5T'),
(34, '6 Years'),
(35, '7 Years'),
(36, '8 Years'),
(37, '10 Years'),
(38, '12 Years'),
(39, '14 Years'),
(40, '256 GB'),
(41, '128 GB'),
(42, '14 Plus'),
(43, '16 Plus'),
(44, '18 Plus'),
(45, '20 Plus'),
(46, '22 Plus'),
(47, '24 Plus');

-- --------------------------------------------------------

--
-- Table structure for table `tbl_gender`
--

CREATE TABLE `tbl_gender` (
  `gender_id` int(11) NOT NULL,
  `gender_name` varchar(255) NOT NULL,
  `show_on_menu` int(1) NOT NULL
) ENGINE=InnoDB DEFAULT CHARSET=latin1;

--
-- Dumping data for table `tbl_gender`
--

-- --------------------------------------------------------

--
-- Table structure for table `tbl_user`
--

CREATE TABLE `tbl_user` (
  `id` int(10) NOT NULL,
  `full_name` varchar(100) NOT NULL,
  `email` varchar(255) NOT NULL,
  `phone` varchar(100) NOT NULL,
  `password` varchar(255) NOT NULL,
  `photo` varchar(255) NOT NULL,
  `role` varchar(30) NOT NULL,
  `status` varchar(10) NOT NULL
) ENGINE=InnoDB DEFAULT CHARSET=latin1;

--
-- Dumping data for table `tbl_user`
--

INSERT INTO `tbl_user` (`id`, `full_name`, `email`, `phone`, `password`, `photo`, `role`, `status`) VALUES
(1, 'Administrator', 'admin@mail.com', '7777777777', '81dc9bdb52d04dc20036dbd8313ed055', 'user-1.png', 'Super Admin', 'Active'),
(18, 'Pravesh', 'pravesh@gmail.com', '9654321234', '81dc9bdb52d04dc20036dbd8313ed055', 'test.png', 'customer', 'Active'),
(19, 'Akash', 'akash@gmail.com', '7345683773', '81dc9bdb52d04dc20036dbd8313ed055', 'test.png', 'customer', 'Active');

--
-- Indexes for dumped tables
--

--
-- Indexes for table `tbl_country`
--
ALTER TABLE `tbl_country`
  ADD PRIMARY KEY (`country_id`);

--
-- Indexes for table `tbl_customer`
--
ALTER TABLE `tbl_customer`
  ADD PRIMARY KEY (`cust_id`);

--
-- Indexes for table `tbl_customer_message`
--
ALTER TABLE `tbl_customer_message`
  ADD PRIMARY KEY (`customer_message_id`);

--
-- Indexes for table `tbl_category`
--
ALTER TABLE `tbl_category`
  ADD PRIMARY KEY (`cat_id`);

--
-- Indexes for table `tbl_category_type`
--
ALTER TABLE `tbl_category_type`
  ADD PRIMARY KEY (`ctype_id`);

--
-- Indexes for table `tbl_payment`
--
ALTER TABLE `tbl_payment`
  ADD PRIMARY KEY (`id`);

--
-- Indexes for table `tbl_photo`
--
ALTER TABLE `tbl_photo`
  ADD PRIMARY KEY (`id`);

--
-- Indexes for table `tbl_product`
--
ALTER TABLE `tbl_product`
  ADD PRIMARY KEY (`p_id`);

--
-- Indexes for table `tbl_product_photo`
--
ALTER TABLE `tbl_product_photo`
  ADD PRIMARY KEY (`pp_id`);

--
-- Indexes for table `tbl_product_size`
--
ALTER TABLE `tbl_product_size`
  ADD PRIMARY KEY (`id`);

--
-- Indexes for table `tbl_size`
--
ALTER TABLE `tbl_size`
  ADD PRIMARY KEY (`size_id`);

--
-- Indexes for table `tbl_gender`
--
ALTER TABLE `tbl_gender`
  ADD PRIMARY KEY (`gender_id`);

--
-- Indexes for table `tbl_user`
--
ALTER TABLE `tbl_user`
  ADD PRIMARY KEY (`id`);

--
-- AUTO_INCREMENT for dumped tables
--

--
-- AUTO_INCREMENT for table `tbl_country`
--
ALTER TABLE `tbl_country`
  MODIFY `country_id` int(11) NOT NULL AUTO_INCREMENT, AUTO_INCREMENT=246;

--
-- AUTO_INCREMENT for table `tbl_customer`
--
ALTER TABLE `tbl_customer`
  MODIFY `cust_id` int(11) NOT NULL AUTO_INCREMENT, AUTO_INCREMENT=42;

--
-- AUTO_INCREMENT for table `tbl_customer_message`
--
ALTER TABLE `tbl_customer_message`
  MODIFY `customer_message_id` int(11) NOT NULL AUTO_INCREMENT, AUTO_INCREMENT=9;

--
-- AUTO_INCREMENT for table `tbl_category`
--
ALTER TABLE `tbl_category`
  MODIFY `cat_id` int(11) NOT NULL AUTO_INCREMENT, AUTO_INCREMENT=110;

--
-- AUTO_INCREMENT for table `tbl_category_type`
--
ALTER TABLE `tbl_category_type`
  MODIFY `ctype_id` int(11) NOT NULL AUTO_INCREMENT, AUTO_INCREMENT=40;

--
-- AUTO_INCREMENT for table `tbl_payment`
--
ALTER TABLE `tbl_payment`
  MODIFY `id` int(11) NOT NULL AUTO_INCREMENT, AUTO_INCREMENT=56;

--
-- AUTO_INCREMENT for table `tbl_photo`
--
ALTER TABLE `tbl_photo`
  MODIFY `id` int(11) NOT NULL AUTO_INCREMENT, AUTO_INCREMENT=7;

--
-- AUTO_INCREMENT for table `tbl_product`
--
ALTER TABLE `tbl_product`
  MODIFY `p_id` int(11) NOT NULL AUTO_INCREMENT, AUTO_INCREMENT=104;

--
-- AUTO_INCREMENT for table `tbl_product_photo`
--
ALTER TABLE `tbl_product_photo`
  MODIFY `pp_id` int(11) NOT NULL AUTO_INCREMENT, AUTO_INCREMENT=134;

--
-- AUTO_INCREMENT for table `tbl_product_size`
--
ALTER TABLE `tbl_product_size`
  MODIFY `id` int(11) NOT NULL AUTO_INCREMENT, AUTO_INCREMENT=448;

--
-- AUTO_INCREMENT for table `tbl_size`
--
ALTER TABLE `tbl_size`
  MODIFY `size_id` int(11) NOT NULL AUTO_INCREMENT, AUTO_INCREMENT=48;

--
-- AUTO_INCREMENT for table `tbl_gender`
--
ALTER TABLE `tbl_gender`
  MODIFY `gender_id` int(11) NOT NULL AUTO_INCREMENT, AUTO_INCREMENT=26;

--
-- AUTO_INCREMENT for table `tbl_user`
--
ALTER TABLE `tbl_user`
  MODIFY `id` int(10) NOT NULL AUTO_INCREMENT, AUTO_INCREMENT=20;
COMMIT;

/*!40101 SET CHARACTER_SET_CLIENT=@OLD_CHARACTER_SET_CLIENT */;
/*!40101 SET CHARACTER_SET_RESULTS=@OLD_CHARACTER_SET_RESULTS */;
/*!40101 SET COLLATION_CONNECTION=@OLD_COLLATION_CONNECTION */;
